osmid,lat,lon
248138590,40.9763813,28.8526755
304051898,40.9914859,28.8469734
304051902,40.9909565,28.8507181
304051907,40.9899196,28.8516444
304052298,40.9916025,28.8512282
304052313,40.9915933,28.8507165
304052424,40.9921765,28.8542915
304052752,40.9916977,28.8516687
304052764,40.9915764,28.8513433
304053231,40.9896646,28.8519133
363910202,40.9954219,28.8722159
363910204,40.9955266,28.8720664
363910206,40.9954067,28.8718565
494078053,40.972391,28.7957942
494094318,40.9828236,28.7960984
495411144,40.9801837,28.797087
495411182,40.9789236,28.8008606
495458804,40.9662869,28.8027055
579904564,40.97607,28.8520956
620077517,40.9728829,28.8705152
620098496,40.9752093,28.8678211
905151588,40.9892921,28.8185078
905151611,40.9894384,28.8186315
905151618,40.9931201,28.818784
905166498,40.9917757,28.8409271
905166599,40.9926349,28.8282041
905166602,40.9923954,28.83217
905166614,40.9918739,28.841623
905166663,40.9913289,28.8180036
905166687,40.9923648,28.8205292
905166754,40.997718,28.8127938
905166947,40.9928364,28.8228135
905192864,40.9915613,28.8385896
905362834,40.9926064,28.8261831
907179819,40.9943402,28.8612788
909194033,40.9951533,28.8644489
909194266,40.9939792,28.8666633
909194314,40.9959943,28.8699216
909194316,40.9965028,28.8699935
909194326,40.9974367,28.8722541
909194333,40.9979825,28.8737204
909194349,40.9990194,28.8770756
909194403,40.9972719,28.8708273
909194429,40.9970493,28.869842
909194568,40.9970424,28.8696383
909194645,40.9967483,28.8696421
909194652,40.9959121,28.8698266
909195158,40.9961241,28.8673562
918481467,41.0036552,28.8926118
918481470,41.0042576,28.8930074
918481472,41.0048778,28.8936161
918481473,41.0052473,28.8941504
918481664,41.0033273,28.8931084
918481672,41.0039079,28.8936283
918481706,41.0026048,28.889592
918481722,41.0020738,28.8898537
918481735,41.0020914,28.8900185
918481748,41.0029174,28.890431
918481828,41.000419,28.8821548
918481860,41.0006302,28.8849892
918481862,41.000808,28.8850885
918481933,41.0011621,28.8850047
918481946,41.0011868,28.8848706
918482342,41.0011263,28.8845415
918482357,41.002639,28.8892383
958128667,41.0056756,28.8952198
958128674,41.0052209,28.8948037
958128680,41.0049799,28.8945962
958128711,41.0054016,28.8955268
958136015,40.9978549,28.8740757
958136017,40.9975062,28.8740567
958136024,40.9974752,28.8723634
958136029,40.997509,28.8734952
958136036,40.9965665,28.8728786
958136047,40.9970703,28.8735121
958136102,40.9992981,28.8784383
958136239,40.9989918,28.8774233
958136383,40.9983173,28.8871772
958404936,40.9955912,28.8764065
958404939,40.9956708,28.8765425
958404946,40.9959489,28.8767154
958404971,40.9956878,28.8759926
958405050,40.9925047,28.8734549
958405054,40.9919326,28.8734941
958405057,40.9908019,28.873606
958405065,40.9918148,28.8772411
958405070,40.991833,28.8751584
958405074,40.9919604,28.8741928
958405083,40.9908558,28.8728185
958405093,40.9918982,28.8710003
958405095,40.991884,28.8720943
958405109,40.9936145,28.8755999
958405113,40.9934825,28.8741816
958405120,40.995533,28.877067
958405158,40.9924984,28.874174
958405160,40.9925049,28.8729755
958405162,40.9924979,28.8720906
958405173,40.992497,28.8712872
958405175,40.992484,28.8705827
958405179,40.9924223,28.870003
958405184,40.9942447,28.871183
958405188,40.9933005,28.8705646
958405203,40.9903907,28.8758621
958405211,40.9907468,28.8742813
958405232,40.9912955,28.8703904
958405255,40.9925493,28.8756273
958405259,40.9932896,28.875636
958405297,40.9954244,28.8688653
958405314,40.9949958,28.8670384
958405317,40.9949209,28.86781
958405321,40.9948254,28.8689595
958405327,40.9948148,28.8698569
958405333,40.9942163,28.8692585
958405334,40.9933834,28.8693121
958405352,40.992242,28.8673599
958405373,40.9953862,28.8698422
958405380,40.9954925,28.8678836
958405381,40.9956595,28.8671515
958405383,40.9943634,28.8677046
958405385,40.9937391,28.867606
958405392,40.9936001,28.8675779
958405403,40.9936217,28.8674781
958405417,40.9944408,28.8669478
958405432,40.9965854,28.8719979
958405450,40.9930957,28.8780768
958405458,40.9927714,28.8776609
958405470,40.9930872,28.8760066
958405478,40.9933305,28.8741873
958405480,40.9933325,28.8739717
958405482,40.9933416,28.8729325
958405486,40.9933171,28.871237
958405488,40.9933054,28.8699753
958405490,40.9933057,28.8698792
958405511,40.994224,28.8729325
958405513,40.9935195,28.8738674
958405531,40.9918691,28.8699465
958405561,40.9953403,28.8742228
958405566,40.9954541,28.8742083
958405574,40.9955474,28.8742921
958405579,40.9955671,28.8744543
958405592,40.9953466,28.8745265
958405595,40.9953212,28.8744792
958405605,40.9942524,28.8741567
958405607,40.9948395,28.8741451
958405623,40.9944938,28.8776661
958405649,40.995638,28.8755653
958405666,40.9955069,28.8751383
958405670,40.9955428,28.8755842
958405691,40.9959957,28.8741186
958405708,40.9959778,28.8728883
958405710,40.9954323,28.8728982
958405711,40.9948385,28.872914
958405736,40.9924209,28.8699081
958405743,40.9925873,28.8692706
958405747,40.9938648,28.8670037
958405749,40.993895,28.8669133
958405771,40.9936744,28.8668887
958405820,40.9923654,28.869913
958405889,40.994233,28.8699686
958405891,40.9948176,28.8699442
958405893,40.9953712,28.8699288
958405895,40.9959435,28.8699206
958405938,40.9965626,28.8711399
958406085,40.9953841,28.8711599
958406132,40.9948163,28.8720725
958406139,40.9942285,28.872076
958406146,40.993326,28.8720749
958406151,40.9912834,28.8720886
958406214,40.9948179,28.8711735
958406328,40.9959762,28.872036
958406383,40.9959687,28.8711463
958702676,40.9909485,28.8777315
958702679,40.9902112,28.8764876
958702681,40.9911466,28.8764091
958702684,40.9918053,28.8753307
958702696,40.9925438,28.8766006
958702719,40.9826267,28.8720187
958702730,40.9824933,28.8711044
958702735,40.9908071,28.8733925
958702736,40.9899848,28.8731756
958702740,40.9893561,28.872136
958702741,40.9892898,28.8713924
958702747,40.9893942,28.8763031
958702760,40.9906552,28.8780349
958702782,40.9838347,28.871055
958702789,40.9842657,28.8699986
958702796,40.9854724,28.8701756
958702798,40.9852146,28.8705066
958702817,40.9835016,28.8711718
958702831,40.9881306,28.8691738
958702844,40.9874624,28.8703352
958702847,40.9867949,28.8703736
958702848,40.9859047,28.8704073
958702852,40.9874787,28.869
958702871,40.9854008,28.8693298
958702878,40.9854818,28.8722643
958702891,40.985801,28.8664372
958702893,40.9858556,28.8672618
958702899,40.9832862,28.8683196
958702900,40.9833231,28.8675399
958702911,40.9844807,28.8675231
958702912,40.9844855,28.8683632
958702915,40.9845587,28.8683739
958702918,40.9845803,28.8694764
958702924,40.9893421,28.8694555
958702928,40.988939,28.8715971
958702955,40.9909145,28.8697872
958702956,40.9909715,28.8690805
958702957,40.9910658,28.8684453
958702970,40.991196,28.8678169
958702973,40.9913576,28.8671433
958702982,40.9848029,28.8674402
958702983,40.9847832,28.8683827
958702990,40.9839293,28.8675849
958702994,40.9838865,28.8683573
958702999,40.9838773,28.8694083
958703005,40.9864668,28.8687329
958703006,40.9858465,28.8691853
958703014,40.9843086,28.8694636
958703026,40.9826129,28.8693575
958703042,40.9858287,28.8679142
958703044,40.9858007,28.8672736
958703113,40.9928222,28.8674807
958703118,40.9922733,28.868279
958703121,40.9918783,28.8688094
958703134,40.9899638,28.8688613
958703136,40.989857,28.8688326
958703137,40.9887889,28.8685701
958703140,40.9878665,28.8683921
958703142,40.9867727,28.868132
958703154,40.9865607,28.8661794
958703157,40.9866905,28.8669821
958703159,40.9867291,28.8675455
958703163,40.9868344,28.868843
958703169,40.9867415,28.872239
958703176,40.9879459,28.8676171
958703182,40.9888807,28.8678939
958703186,40.9899508,28.868148
958703200,40.9923422,28.8693972
958703203,40.9924776,28.8695187
958703211,40.98919,28.8662968
958703215,40.9890436,28.8671476
958703219,40.9886926,28.8693003
958703223,40.9885816,28.8718105
958703226,40.9900715,28.8674343
958703228,40.9902125,28.8666928
958703267,40.9826746,28.8722659
958703270,40.9821351,28.8724681
958703283,40.9827491,28.8677763
958703288,40.9826881,28.8683212
958703292,40.9824819,28.8713128
958703294,40.9824777,28.8713807
958703305,40.982283,28.8731131
958703318,40.9898632,28.869574
958703323,40.9882268,28.8659313
958703325,40.9880551,28.8668355
958703326,40.9878204,28.8690941
958703489,40.9824695,28.873001
958703499,40.9830444,28.8726872
958703502,40.9839296,28.8724463
958703509,40.9849521,28.8722957
958703519,40.9869462,28.8722343
958703600,40.9846003,28.8723264
958703615,40.9828792,28.8727653
959578411,40.9749731,28.8767032
959578412,40.9754598,28.8765531
959578414,40.9761298,28.8763522
959578415,40.9765099,28.8762258
959578420,40.9807464,28.8759487
959578423,40.9804262,28.8747616
959578426,40.9792447,28.8748718
959578428,40.9784694,28.8750664
959578460,40.9762494,28.8723478
959578466,40.9765549,28.875001
959578468,40.9764575,28.8745042
959578469,40.9763156,28.8737031
959578470,40.9761885,28.8730547
959578475,40.9792153,28.8756077
959578479,40.9784846,28.8754257
959578484,40.976454,28.8757079
959578491,40.9784841,28.8755162
959578503,40.9766528,28.8789348
959578505,40.976543,28.8771573
959578508,40.9763546,28.8750687
959578525,40.9746165,28.874974
959578527,40.9752223,28.8748135
959578528,40.9758414,28.8746708
959578531,40.9769878,28.8743234
959578532,40.9768569,28.8735585
959578533,40.9767321,28.8729311
959578534,40.9766733,28.8723822
959578536,40.9771258,28.8734687
959578537,40.9757036,28.8738494
959578539,40.9751066,28.8740246
959578540,40.9745061,28.8741888
959578541,40.9741314,28.8743094
959578543,40.9746761,28.8754344
959578544,40.9743556,28.8735253
959578546,40.9750257,28.8734063
959578547,40.9756052,28.8732458
959578551,40.9754674,28.8722859
959578555,40.9787183,28.8704582
959578556,40.9780644,28.8705294
959578559,40.9788777,28.8716472
959578560,40.9781626,28.87173
959578561,40.9753851,28.87226
959578565,40.975571,28.8779544
959578579,40.9779737,28.8695728
959578580,40.9785931,28.8695241
959578581,40.979137,28.8694942
959578582,40.9796371,28.8694821
959578584,40.9784259,28.8682768
959578585,40.9785149,28.8689406
959578586,40.9787873,28.8709724
959578587,40.9789816,28.8724221
959578595,40.979078,28.8689163
959578601,40.9781031,28.8710428
959578607,40.9853571,28.8771592
959578608,40.9841889,28.8769986
959578620,40.9816217,28.8771327
959578630,40.9811874,28.877126
959578631,40.982913,28.8773876
959578637,40.9792799,28.8677165
959578642,40.9798415,28.8714831
959578643,40.9799252,28.8722152
959578651,40.9813131,28.8658339
959578664,40.9802913,28.8699958
959578668,40.981246,28.873119
959578671,40.9810099,28.8698065
959578673,40.9826198,28.8692464
959578674,40.9817835,28.8691888
959578675,40.9812473,28.8691425
959578676,40.9808895,28.8691108
959578678,40.9818584,28.867907
959578685,40.9812627,28.8676434
959578692,40.9780836,28.8685186
959578696,40.9779393,28.8692256
959578705,40.9805855,28.8679731
959578732,40.9751227,28.8705895
959578737,40.9779296,28.8688936
959578761,40.9782252,28.8724262
959578766,40.9755635,28.8658861
959578789,40.9745612,28.8659339
959578808,40.9766019,28.8662688
959578819,40.9747529,28.8663184
959578822,40.9752804,28.8661797
959578844,40.9758517,28.8646109
959578859,40.9759012,28.8662277
959578875,40.9756178,28.8666305
959578899,40.9753886,28.8674678
959578908,40.9742034,28.8736041
959578941,40.9747432,28.8659902
959578952,40.9741995,28.8661139
959578957,40.9742705,28.8664218
966218396,40.9828857,28.8790026
966218398,40.9830141,28.8798271
966218399,40.9831113,28.8804789
966218402,40.9833154,28.8810788
966218403,40.9827344,28.8781522
966218404,40.9827948,28.8789961
966218405,40.9845531,28.8805913
966218408,40.984746,28.8779983
966218411,40.9841603,28.87739
966218412,40.9834619,28.87724
966218413,40.9829432,28.8770674
966218414,40.9823088,28.8768966
966218415,40.986999,28.8818771
966218420,40.985776,28.8798172
966218423,40.9854373,28.8783531
966218424,40.9835022,28.8815866
966218426,40.9836875,28.8796731
966218428,40.9837236,28.8788983
966218430,40.9817581,28.8801378
966218431,40.9815634,28.879126
966218439,40.9836997,28.8780217
966218440,40.9840186,28.8747317
966218449,40.9836554,28.875939
966218450,40.9835769,28.8764312
966218451,40.9835259,28.8767947
966218452,40.9834095,28.877485
966218453,40.9822471,28.8772626
966218454,40.9823694,28.8764745
966218455,40.9824762,28.8760915
966218459,40.9828638,28.8756844
966218460,40.9830117,28.8766384
966218461,40.9830692,28.8762695
966218462,40.9831439,28.8757936
966218463,40.9842153,28.876637
966218464,40.9843056,28.8766637
966218465,40.9798081,28.8774955
966218466,40.9798326,28.8779296
966218467,40.9798584,28.8784739
966218468,40.9803967,28.8778651
966218469,40.9843577,28.8759694
966218470,40.9842883,28.8770103
966218471,40.9842527,28.8777391
966218472,40.9841082,28.8779391
966218474,40.9841407,28.877659
966218475,40.9842644,28.875967
966218476,40.985419,28.8781552
966218477,40.985252,28.8759919
966218478,40.9772579,28.8817627
966218479,40.9783865,28.8822048
966218480,40.9789589,28.8819777
966218484,40.9810889,28.8824774
966218485,40.9809302,28.8818361
966218486,40.9808158,28.8814012
966218489,40.9804745,28.8789346
966218491,40.980382,28.8774247
966218492,40.9804297,28.8783776
966218493,40.9766937,28.8763927
966218494,40.977963,28.8762339
966218495,40.9770636,28.8802339
966218498,40.9759658,28.8764091
966218499,40.9760332,28.8772148
966218500,40.9760732,28.8779253
966218501,40.9761082,28.8785635
966218502,40.9761427,28.8790868
966218503,40.9756265,28.8791662
966218504,40.9771381,28.8787946
966218505,40.9783943,28.8803295
966218507,40.9782276,28.8792416
966218508,40.9786474,28.8783132
966218509,40.9779179,28.8783704
966218510,40.9771262,28.8784502
966218511,40.9766242,28.8785035
966218514,40.9752511,28.87798
966218516,40.9770627,28.8770501
966218521,40.9748431,28.8773394
966218523,40.9755166,28.8772778
966218526,40.9779018,28.8755898
966218528,40.9770837,28.8777922
966218530,40.977155,28.8790911
966218534,40.9774609,28.8807518
966218537,40.9781765,28.8813301
966218539,40.9788417,28.8810574
966218543,40.9814991,28.8782709
966218547,40.9845405,28.8778834
966218548,40.9853768,28.8782246
966218549,40.9786678,28.8786193
966218550,40.9795007,28.878528
966218553,40.9777366,28.8792483
966218554,40.9779439,28.8792486
966218555,40.9787004,28.8792301
966218556,40.9778967,28.8777014
966218558,40.9785792,28.8770281
966218559,40.9793768,28.876938
966218561,40.9804954,28.8769119
966218562,40.9803907,28.8758639
966218563,40.9809611,28.8773699
966218564,40.9794308,28.8775421
966218565,40.9786139,28.8776331
966218566,40.9765755,28.8778589
966218568,40.9749488,28.8780766
966218569,40.9803174,28.8815679
966218570,40.9804479,28.8820313
966218571,40.9806073,28.8826982
966218572,40.9808748,28.8837921
966218573,40.9804661,28.8841058
966218574,40.9802364,28.8833994
966218576,40.9801103,28.8829017
966218577,40.979925,28.8822534
966218581,40.9795953,28.8796355
966218582,40.9792962,28.8756144
966218583,40.9795422,28.8838766
966218584,40.9787251,28.879771
966218591,40.9816506,28.8847378
966218603,40.9818249,28.8844619
966218614,40.9791209,28.8826546
966218615,40.9814132,28.8816561
966218617,40.9816546,28.8832124
966218618,40.9798656,28.8845376
966218620,40.9789674,28.8820263
966218622,40.9813299,28.8811851
966218627,40.9828928,28.8757188
966218637,40.9779851,28.8805234
966218642,40.9786513,28.8834805
966218644,40.9789158,28.8849856
966218647,40.979291,28.8832337
966218648,40.9815348,28.882319
966218653,40.9787944,28.8852782
966218689,40.9782444,28.8849736
966218694,40.9787677,28.8849702
966218716,40.9818287,28.8804931
966218728,40.9787593,28.8801943
966218737,40.9810594,28.8783351
967089806,40.9853943,28.8783135
967089808,40.9854149,28.8783374
967089832,40.9855214,28.8783057
967089837,40.9855257,28.8781995
967089844,40.9851211,28.8805529
967089866,40.9865938,28.8836819
967089877,40.9867479,28.8844355
967089887,40.9856292,28.8810568
967089889,40.9864003,28.8809129
967089918,40.9887413,28.8846262
967089925,40.9881731,28.8840681
967089934,40.9869423,28.881656
967089977,40.9897553,28.8816401
967090084,40.9893841,28.8853204
967090103,40.9886246,28.8849678
967090113,40.9889751,28.885362
967090114,40.9893648,28.8857992
967090126,40.9882483,28.8844663
967090130,40.9884517,28.8848428
967133929,40.9810769,28.8903106
967134029,40.9762909,28.8626477
967134063,40.9768933,28.8655886
967134077,40.9770093,28.8659724
967134089,40.9769651,28.8658086
967134105,40.976721,28.8660198
967134196,40.9771885,28.8677312
967134295,40.9772073,28.86869
967134311,40.9772411,28.8673632
967134312,40.977205,28.8672598
967134323,40.9776739,28.8689591
967134344,40.9763184,28.8723505
967134347,40.9763863,28.8714007
967134352,40.977099,28.8690948
967134356,40.977342,28.8688977
967134364,40.9771233,28.8685263
967134374,40.9763472,28.871377
967134380,40.976287,28.871812
967134470,40.9771015,28.8664324
967134529,40.9701599,28.8729288
967135035,40.9740776,28.8735654
967135055,40.9736474,28.8737541
967135255,40.9713507,28.8728751
967135259,40.9723147,28.8741197
967135261,40.972514,28.8742409
967135264,40.9726437,28.874224
967135266,40.9732786,28.8739266
968158041,40.9943614,28.8887214
968158046,40.9952067,28.8880853
968158053,40.9934596,28.8923205
968158061,40.9939768,28.8907999
968158074,41.0006194,28.8853898
968158113,40.9924943,28.8789074
968158117,40.9914474,28.8795872
968158125,40.9902884,28.8794963
968158127,40.9917783,28.8805781
968158131,40.9911323,28.8785465
968158134,40.9912684,28.8780491
968158137,40.9905401,28.878216
968158139,40.995083,28.8878087
968158143,40.9942295,28.8886415
968158144,40.9941089,28.88913
968158146,40.9938061,28.8880084
968158167,40.9931497,28.8769529
968158173,40.9937266,28.8760987
968158182,40.9924314,28.8792821
968158193,40.9929321,28.8807063
968158203,40.9921266,28.8792169
968158205,40.9922137,28.8794786
968158211,40.9948129,28.8778318
968158221,40.9918399,28.8819833
968158222,40.9914544,28.8830291
968158233,40.9920069,28.8781495
968158241,40.9938339,28.8775191
968158244,40.9931464,28.8785816
968158250,40.9934573,28.88073
968158261,40.9936519,28.882045
968158267,40.9937572,28.8825385
968158268,40.9947613,28.8818411
968158270,40.9943781,28.8822096
968158276,40.993935,28.8795226
968158282,40.99508,28.8790836
968158288,40.9938641,28.8774027
968158295,40.9933766,28.8872699
968158302,40.993643,28.8868198
968158304,40.9921595,28.8866127
968158308,40.9940986,28.8862588
968158310,40.9948484,28.8851189
968158311,40.993738,28.8846147
968158312,40.99273,28.8840521
968158314,40.9913518,28.8815597
968158318,40.9920256,28.8821582
968158321,40.9929393,28.8828282
968158325,40.9939901,28.8836828
968158328,40.9948045,28.8840398
968158330,40.9923999,28.8808262
968158344,40.9906874,28.8848407
968158348,40.9913117,28.8833536
968158354,40.9921683,28.8841589
968158355,40.9919379,28.8843501
968158356,40.9917884,28.8844483
968158358,40.9914362,28.8850569
968158359,40.9922688,28.8849731
968158362,40.9921399,28.8851659
968158364,40.9924869,28.8852206
968158370,40.9929636,28.8847805
968158378,40.9920517,28.8873429
968158406,40.9905168,28.8865936
968158407,40.9907771,28.8853816
968158411,40.9911075,28.8849132
968158415,40.9914928,28.8857118
968158416,40.9911059,28.8868845
968158419,40.9913706,28.8870149
968158421,40.9916274,28.8836865
968158424,40.9908579,28.8830139
968158426,40.9918196,28.8832244
968158428,40.9917407,28.8835577
968158434,40.9954519,28.8855945
968158435,40.9948327,28.8855962
968158439,40.9935952,28.8851241
968158441,40.9948327,28.8855007
968158446,40.9948138,28.8845558
968158448,40.9938776,28.884148
968158449,40.9928233,28.8836643
968158451,40.9909599,28.8827591
968158455,40.9897024,28.8845935
968158456,40.9897089,28.8847249
968158621,40.9954677,28.8864345
968158622,40.9946656,28.8864643
968158637,40.99428,28.8826652
968158642,40.992915,28.8825814
968158646,40.9944915,28.882737
968158659,40.9894375,28.8846735
968158670,40.9915664,28.8808305
968158679,40.9895063,28.8849491
968158688,40.9926104,28.8845877
968158689,40.9925848,28.8845636
968158702,40.9958094,28.8879219
968158709,40.995879,28.8874976
968158715,40.9953097,28.8877082
968158716,40.9947294,28.8834421
968158722,40.9953922,28.8806729
968158733,40.9937225,28.8807683
968158736,40.9933107,28.8807377
968158748,40.9903042,28.8805775
968158769,40.9948672,28.8848948
968158802,40.9954231,28.8848293
968158804,40.9955167,28.8848254
968158813,40.9965465,28.8840873
968158835,40.9955845,28.8809719
968158911,40.995612,28.887123
968158962,40.9954457,28.8867393
968172095,40.9899096,28.8771254
968172096,40.9900329,28.87651
968172099,40.9884127,28.8816456
968172101,40.987904,28.8806991
968172103,40.9878862,28.8802805
968172107,40.9891092,28.8812164
968172111,40.9882121,28.880262
968172533,40.987959,28.8775222
968172539,40.9899612,28.8786553
968172545,40.989445,28.8788267
968172551,40.9900264,28.8779504
968172558,40.9904588,28.8776184
968172559,40.9904208,28.8772249
968172560,40.9905658,28.8770807
968172593,40.9902823,28.8800398
968172594,40.9897562,28.8793508
968172602,40.9888885,28.8774184
968172610,40.9890643,28.8761909
968172618,40.9891374,28.8804221
968172628,40.9886091,28.8782391
968172629,40.9886136,28.8785459
968172630,40.9886091,28.8789427
968172639,40.989259,28.877354
968172652,40.9870522,28.8792745
968172653,40.9874352,28.879358
968172656,40.9890041,28.878961
968172657,40.9877567,28.8789526
968172670,40.9890205,28.8785988
968172673,40.9889862,28.879307
968172676,40.988953,28.8802096
968172678,40.987724,28.8793087
968172683,40.9866422,28.8795439
968172684,40.9858588,28.8797948
968172687,40.9879338,28.8760946
968172689,40.9879187,28.8766566
968172699,40.9875372,28.8803059
968172702,40.9877567,28.8790921
968172703,40.9878045,28.8784374
968172706,40.9874526,28.8776728
968172713,40.9874663,28.8790294
968172726,40.9885703,28.8751447
968172730,40.9885124,28.87611
968172742,40.9887042,28.8744751
968172754,40.9886471,28.8737171
968172763,40.9862255,28.8760098
968172766,40.9862972,28.8769593
968172769,40.9864279,28.8779819
968172778,40.9865644,28.878982
968172782,40.9867363,28.8800148
968172791,40.9870585,28.8803631
968172800,40.9857318,28.8791131
968172815,40.9864966,28.8747101
968172816,40.9876476,28.8746608
968172818,40.9880153,28.8746316
968172827,40.988706,28.8745764
968172837,40.9875774,28.8760592
968172847,40.9880041,28.8740857
968172851,40.9889391,28.8761696
968172860,40.9887419,28.8751135
968172870,40.9880958,28.8761053
968172892,40.9853836,28.8730647
968172894,40.9853691,28.874072
968172898,40.986012,28.8728741
968172900,40.9860232,28.8740864
968172909,40.9856143,28.8740866
968172913,40.9856096,28.8749141
968172920,40.9881312,28.8733539
968172929,40.9869191,28.8737244
968172943,40.9865098,28.874116
968172945,40.986487,28.8749149
968172947,40.9864369,28.8760221
968172979,40.9886608,28.8740245
968172984,40.9849956,28.8740592
968172990,40.984832,28.8748973
968172991,40.9849207,28.8759836
968173010,40.9825806,28.8736923
968173029,40.9862589,28.8805185
968173048,40.9836559,28.8725173
968173056,40.9843638,28.8723675
969160829,40.9809079,28.8856777
969160869,40.9809576,28.884998
974171746,41.0051151,28.8952742
988329369,40.9786854,28.8637873
988329371,40.9788201,28.8642128
988329375,40.9788793,28.8643471
988329379,40.9790269,28.8647133
988329397,40.9792386,28.8658962
988329408,40.9783851,28.8682351
988329420,40.9775297,28.8675575
988329424,40.9772559,28.8676256
988335970,40.9810439,28.8603807
988336052,40.9807138,28.8637314
988336083,40.9822338,28.8619025
988336105,40.9811306,28.860457
988336233,40.9805294,28.8626758
988336258,40.9816545,28.8594947
988336260,40.9826509,28.8669638
988336265,40.9834887,28.8654243
988336272,40.9810124,28.8664117
988336292,40.9822378,28.8659982
988336367,40.9842543,28.862212
988336375,40.983043,28.8650825
988336433,40.9831626,28.8619197
988336506,40.9783811,28.8603116
988336511,40.9796449,28.8604396
988336523,40.9792614,28.8633285
988336540,40.9779076,28.8611615
988336541,40.9780038,28.8596399
988336543,40.9777956,28.8636136
988336549,40.9786834,28.8614922
988336556,40.9795989,28.8615621
988336609,40.9777309,28.8622504
988336634,40.9773539,28.8593598
988336662,40.9766098,28.8603946
988336677,40.9775511,28.8578955
988336687,40.977674,28.8579168
988336693,40.9777298,28.8578143
988336696,40.9776828,28.8576724
988336704,40.9775292,28.8577244
988336709,40.9788927,28.8566641
988336722,40.9788596,28.85805
988336728,40.9789202,28.8533289
988336736,40.9788932,28.8521091
988336773,40.9780023,28.85255
988336774,40.9776874,28.8527104
988336780,40.9797437,28.8515963
988336793,40.9798914,28.8517498
988336804,40.979707,28.8516583
988336809,40.979889,28.8519542
988336814,40.9799414,28.8552484
988336828,40.9778701,28.8579892
988336903,40.9775126,28.8523277
988336947,40.9772152,28.8519318
988336962,40.9775395,28.8516098
988336963,40.9775923,28.8517636
988336966,40.9775012,28.8526868
988336991,40.9780131,28.8513775
988337008,40.9756321,28.8507604
988337275,40.9773564,28.8580143
988337300,40.9789838,28.8640714
990483757,40.9858382,28.8565054
990483759,40.9857217,28.8564262
990483765,40.9845627,28.8574121
990483791,40.9820048,28.8588932
990483820,40.9861693,28.8538555
990483823,40.9856411,28.8565877
990483881,40.9857238,28.856728
1005964192,40.9860582,28.8586829
1005964207,40.9858202,28.8586037
1005964266,40.9873071,28.8526202
1005964477,40.9835394,28.8617603
1005964489,40.9843158,28.8591209
1005964789,40.985561,28.853123
1005965040,40.9862301,28.8526136
1005965048,40.986549,28.8525556
1005965054,40.9864321,28.8520172
1005965072,40.9865747,28.8530263
1005965102,40.9862351,28.8530388
1005965276,40.9859563,28.8552164
1005965361,40.9848087,28.8558092
1005965388,40.984017,28.8544322
1005965393,40.9838137,28.8535741
1005965418,40.9835721,28.8553513
1005965421,40.9827632,28.8555833
1005965425,40.9819473,28.8556688
1005965430,40.9841307,28.8558613
1005965431,40.9839015,28.8556868
1005965455,40.9828105,28.8562046
1005965457,40.9826774,28.8549481
1005965580,40.9830486,28.8536908
1005965583,40.9830588,28.8537152
1005965602,40.9832148,28.8534951
1005965605,40.9831553,28.8534849
1005965681,40.9812113,28.8565176
1005965693,40.9830769,28.8543307
1005965720,40.9806561,28.8564902
1005965733,40.980908,28.8570951
1005965802,40.9811958,28.8592778
1005965809,40.9814932,28.8593371
1005965824,40.9813163,28.8596391
1005965861,40.9799852,28.8496847
1005965874,40.9803972,28.8470359
1007403343,40.9808338,28.8497247
1007403439,40.9851147,28.8411028
1007404471,40.9863982,28.8464567
1007404472,40.986278,28.8464673
1007404478,40.9850859,28.8465275
1007404499,40.9857693,28.8490493
1007404522,40.9844583,28.8516887
1007404583,40.9809067,28.8493814
1007404590,40.9823808,28.8472893
1007404601,40.9824578,28.8442964
1007404665,40.9848307,28.8415132
1007404712,40.9863102,28.8493262
1007404715,40.9864334,28.8490487
1007404730,40.9863119,28.8489224
1007406269,40.9890867,28.8411202
1007406271,40.9904895,28.8410393
1007407093,40.9867543,28.8429763
1007407119,40.9878167,28.8441652
1007407174,40.9872445,28.8450713
1007407179,40.987255,28.8464901
1007407182,40.9867464,28.8451786
1007407200,40.9867448,28.8450771
1007407277,40.9890786,28.8490577
1007407430,40.991087,28.8469352
1007407445,40.9902437,28.8462675
1007407462,40.98903,28.8429718
1007407471,40.9890762,28.8450258
1007407477,40.9878489,28.8464719
1007407579,40.9851706,28.8414282
1007407598,40.9852935,28.8412642
1007407665,40.9854142,28.8408957
1007407683,40.9904801,28.8429665
1007407687,40.9878153,28.8429763
1007407698,40.9857035,28.8429971
1007407721,40.9903414,28.8450235
1007407724,40.9878418,28.8450778
1007407745,40.9878179,28.8490728
1007407748,40.9890431,28.8392545
1007876515,40.980856,28.8486538
1007876516,40.9811482,28.8490194
1007876520,40.9814597,28.8485952
1007876563,40.9807295,28.8475236
1007876740,40.9852507,28.8481541
1007877240,40.9839084,28.8462875
1007877273,40.9817388,28.8493083
1007877278,40.981322,28.8487776
1007877351,40.9845536,28.8517123
1007877362,40.981723,28.8511533
1007877375,40.9811239,28.8509459
1007877400,40.9821025,28.8522322
1007877440,40.9818086,28.8512798
1007877597,40.9838201,28.8500697
1007877603,40.9843558,28.8493524
1007877666,40.9845898,28.8500593
1007877814,40.9839338,28.8520229
1007878915,40.9837681,28.8420983
1020936890,40.9872158,28.7971774
1020936925,40.9878306,28.7950208
1020937359,40.9870839,28.7897037
1020937365,40.9875893,28.7908425
1020941104,40.999178,28.7999209
1025668939,40.9814654,28.7813104
1026970610,40.9654846,28.833851
1026970692,40.9819016,28.8396821
1026970698,40.9823573,28.8388714
1026970752,40.9802928,28.8406769
1026970818,40.9688872,28.8342715
1026970846,40.9645003,28.8333996
1026970893,40.9648566,28.8350972
1026971224,40.9641084,28.8344383
1026971259,40.9660614,28.8374135
1026971426,40.97012,28.8424565
1026971731,40.9660941,28.8372628
1026991640,40.9861323,28.8278867
1026991681,40.9854908,28.8256934
1026991686,40.9859406,28.8279715
1026991720,40.985334,28.8259878
1026991721,40.9857931,28.8273651
1026991729,40.9843321,28.8225347
1027174293,40.9626397,28.8305844
1027174298,40.9628989,28.8307232
1027174300,40.9629947,28.8307017
1027174302,40.9636772,28.8305331
1027174309,40.9625182,28.8291841
1027174313,40.9630906,28.8288317
1027174317,40.9635176,28.830056
1027174347,40.9862275,28.796602
1027174349,40.985977,28.7964992
1027174357,40.9862155,28.7966927
1027174372,40.987438,28.7973829
1027174376,40.9886103,28.798157
1027174377,40.9888486,28.7983335
1027174384,40.9835212,28.7950349
1027174386,40.9811823,28.79361
1027174457,40.9871286,28.7973532
1027174511,40.9636583,28.8301299
1027174546,40.9641763,28.8148884
1027174617,40.9854843,28.8000483
1027174703,40.968102,28.8049573
1027174707,40.9665783,28.8058871
1027174754,40.9633781,28.8206681
1027174790,40.9639126,28.8323538
1027197593,40.9706159,28.8433646
1027243094,40.9578691,28.8295329
1027243096,40.9589382,28.8297647
1027243097,40.9598273,28.8299753
1027243099,40.9608462,28.8300751
1027243101,40.9615279,28.8301485
1027243103,40.9623216,28.8302363
1027243110,40.9568115,28.82882
1027243174,40.957513,28.8290388
1027243175,40.9579309,28.8291616
1027243190,40.9576188,28.8284093
1027243193,40.9574306,28.8294369
1027243196,40.9579795,28.8288814
1027243198,40.9598649,28.8291378
1027243199,40.9608981,28.8292521
1027243201,40.9615684,28.8293279
1027243203,40.9622384,28.8294073
1027243216,40.9624796,28.8312733
1027243219,40.9614529,28.8311684
1027243220,40.9607843,28.8310947
1027243227,40.959759,28.8309945
1027243229,40.9588331,28.8308524
1027243232,40.9576456,28.8307401
1027243236,40.9588772,28.8301517
1027243237,40.9587771,28.8317435
1027243238,40.9587265,28.8325473
1027243240,40.9586692,28.8334583
1027243245,40.957804,28.8299399
1027243271,40.9577006,28.8317965
1027243294,40.9629447,28.8338614
1027243297,40.9622613,28.8338119
1027243314,40.9612609,28.8337175
1027243315,40.9606129,28.8336285
1027243317,40.9595872,28.8335169
1027243321,40.958521,28.8335935
1027243331,40.9574346,28.8335948
1027243334,40.9581729,28.8329383
1027243347,40.9577679,28.8321471
1027243354,40.9579229,28.8324573
1027243358,40.9596349,28.8326823
1027243361,40.9606655,28.8328049
1027243362,40.9613203,28.8328671
1027243365,40.9623069,28.8329938
1027243367,40.9628638,28.8330597
1027243378,40.9626562,28.8321595
1027243382,40.9613697,28.832073
1027243383,40.9607221,28.8319923
1027243388,40.9596905,28.831842
1027243392,40.9576851,28.8316257
1027243407,40.9621634,28.8355585
1027243410,40.9611482,28.8354779
1027243411,40.9605135,28.8354261
1027243414,40.9594697,28.835442
1027243416,40.958871,28.8358274
1027243430,40.9622276,28.8346368
1027243446,40.9630477,28.8347422
1027243447,40.9612214,28.8345333
1027243449,40.9605744,28.8344803
1027243452,40.9595267,28.8343801
1027243453,40.9589021,28.8343239
1027243462,40.9613347,28.8217209
1027243466,40.9611825,28.8243194
1027243476,40.9603716,28.837232
1027243494,40.9621743,28.8250853
1027243497,40.9602167,28.8236843
1027243504,40.9592676,28.823024
1027243582,40.9585889,28.837803
1027243587,40.959701,28.8378713
1027243640,40.9596495,28.8360149
1027243649,40.9587373,28.8388209
1027243651,40.9611065,28.8365582
1027243656,40.961756,28.8359366
1027243661,40.9623961,28.8353251
1027243667,40.9632287,28.8345828
1027243690,40.9633723,28.8346429
1027243711,40.9632293,28.8342821
1027243738,40.965408,28.8433601
1027243740,40.9652832,28.8433057
1027243752,40.9650943,28.8423468
1027243767,40.9615498,28.8405857
1027243792,40.9612915,28.8403038
1027243800,40.9607057,28.8395817
1027243802,40.9618956,28.8382405
1027243805,40.9625068,28.8374545
1027243807,40.9631252,28.8367628
1027243827,40.961108,28.8378125
1027243837,40.9600953,28.8386125
1027243849,40.9614533,28.8374581
1027243873,40.9648208,28.8371193
1027243884,40.9641733,28.838133
1027243890,40.96224,28.841262
1027243893,40.9621329,28.8411613
1027243919,40.9593974,28.8353134
1027243925,40.9576363,28.8310202
1027243960,40.9581272,28.8239291
1027243966,40.9583676,28.8238817
1027244013,40.9631612,28.8420206
1027244016,40.9629265,28.8418343
1027244032,40.9635974,28.8410102
1027244048,40.9638589,28.840551
1027244084,40.9644881,28.8384518
1027244090,40.9654188,28.8393785
1027244092,40.9655991,28.8396084
1027244144,40.9631135,28.8397843
1027244162,40.9636613,28.8389259
1027244168,40.9647769,28.8372185
1027244209,40.9664982,28.8389301
1027244213,40.9663819,28.8392251
1027244225,40.9649062,28.840249
1027244233,40.9663047,28.8389788
1027244252,40.9648174,28.8401109
1027244258,40.9660772,28.838624
1027244278,40.9645994,28.8412257
1027244343,40.9616477,28.8278738
1027244854,40.9625394,28.8214258
1027244893,40.9661471,28.8399492
1027244937,40.9628996,28.8336788
1027244963,40.9656653,28.8382672
1027244986,40.9640338,28.8358199
1027245006,40.9630337,28.8336455
1027256583,40.9626504,28.8188049
1027256586,40.9622471,28.8188231
1027256635,40.9622422,28.8174655
1027256642,40.9617181,28.824755
1027256645,40.9619436,28.8213522
1027256646,40.9619501,28.8212334
1027256664,40.9626986,28.8174513
1027256667,40.9630819,28.8174294
1027256671,40.9632041,28.8188548
1027256715,40.961371,28.8213176
1027256716,40.9625526,28.8213114
1027256720,40.9624674,28.8213002
1027256722,40.9613798,28.8211539
1027256739,40.9628084,28.8183834
1027256783,40.9627809,28.8185051
1027256821,40.9609757,28.8271941
1027256823,40.960005,28.8270903
1027256824,40.9592774,28.8270436
1027256826,40.9587522,28.8270545
1027256828,40.9581299,28.8270671
1027256835,40.9587573,28.8262317
1027256847,40.9597209,28.8255602
1027256849,40.9601016,28.825468
1027256867,40.9610684,28.8257345
1027256870,40.9600885,28.8256712
1027256887,40.9611155,28.8250048
1027256890,40.9601339,28.824968
1027256908,40.9590416,28.8262637
1027256919,40.9588973,28.8245116
1027256926,40.9585321,28.8237831
1027256938,40.9620303,28.8270714
1027256941,40.9609908,28.8269562
1027256947,40.9610208,28.826483
1027256952,40.960043,28.8263766
1027256962,40.9592699,28.8262861
1027256967,40.958248,28.826166
1027256973,40.9593254,28.8276432
1027256976,40.9594234,28.8290627
1027257010,40.960988,28.8278129
1027257035,40.9580096,28.8208201
1027257044,40.9573994,28.8186774
1027257106,40.9599541,28.827709
1027257114,40.9620511,28.8279023
1027257131,40.9596912,28.8237513
1027257140,40.9601523,28.8246821
1027923680,40.991291,28.798174
1027923706,40.9923816,28.7979354
1027923730,40.9818351,28.78986
1027923731,40.9832127,28.7897095
1027923732,40.9838296,28.789623
1027923735,40.9847808,28.7893298
1027923736,40.9835528,28.7903249
1027923739,40.9840446,28.7904009
1027923740,40.9849521,28.7900301
1027923742,40.984245,28.79119
1027923743,40.9795919,28.7919249
1027923747,40.9811098,28.7934788
1027923750,40.982783,28.7917797
1027923751,40.9823854,28.7929395
1027923756,40.9832859,28.792087
1027923757,40.9828552,28.7932244
1027923759,40.9830047,28.7919176
1027923761,40.9820386,28.7913299
1027923762,40.9816005,28.7924617
1027923770,40.9843208,28.7927036
1027923778,40.9843766,28.7927357
1027923781,40.9853338,28.7916304
1027923783,40.9860256,28.790359
1027923786,40.9834064,28.7935385
1027923788,40.9818629,28.7926178
1027923789,40.9811354,28.7922161
1027923798,40.9818731,28.7940318
1027923801,40.9857694,28.7935999
1027923804,40.9858362,28.7935811
1027923819,40.9857727,28.7934163
1027923829,40.9857179,28.793506
1027923836,40.9850406,28.7974237
1027923841,40.9864075,28.7985818
1027923855,40.9852918,28.7932794
1027923857,40.9844865,28.79561
1027923862,40.9848058,28.7929908
1027923863,40.9839853,28.7953095
1027923874,40.9853801,28.7918114
1027923876,40.9863117,28.7914623
1027923879,40.9864737,28.7921275
1027923880,40.9867208,28.7931106
1027923889,40.9875679,28.7957024
1027923891,40.987259,28.7957183
1027923897,40.9855432,28.7924922
1027923922,40.9854074,28.7947296
1027923930,40.9872653,28.7902918
1027923935,40.98683,28.7900684
1027923937,40.9851354,28.7907584
1027923939,40.9837884,28.7923985
1027923940,40.9829985,28.7947155
1027923958,40.9868754,28.7895786
1027923964,40.9831559,28.7816532
1027923971,40.9813788,28.7909295
1027923993,40.9641662,28.8034984
1027924055,40.9818375,28.7954359
1027924074,40.963494,28.8082988
1027924075,40.9638755,28.8079289
1027924082,40.9638125,28.8087458
1027924137,40.956732,28.8207065
1027924142,40.9575172,28.819662
1027924143,40.9570842,28.8208485
1027924144,40.9571399,28.8212039
1027924152,40.9575815,28.8211618
1027924153,40.9576407,28.8213518
1027924156,40.9569368,28.8214677
1027924157,40.9568767,28.8212419
1027924158,40.9582509,28.8213248
1027924159,40.9577097,28.821536
1027924160,40.9566189,28.8216111
1027924161,40.9574363,28.8210997
1027924206,40.957896,28.8220832
1027924210,40.9586819,28.8181716
1027924214,40.9585242,28.8152565
1027924222,40.9606618,28.814626
1027924223,40.9611342,28.8149125
1027924234,40.9567491,28.8158915
1027924236,40.9575964,28.8162533
1027924243,40.9585042,28.8217481
1027924248,40.9576333,28.8223352
1027924267,40.9597818,28.814455
1027924269,40.9583195,28.8137625
1027924273,40.9576868,28.8134362
1027924303,40.9593313,28.816332
1027924306,40.9591695,28.815582
1027924323,40.9580488,28.8150105
1027924339,40.9584941,28.8204854
1027924343,40.958031,28.8184046
1027924350,40.9600341,28.8193961
1027924351,40.959916,28.8187896
1027924354,40.9594279,28.8162947
1027924355,40.9595665,28.8189079
1027924356,40.9598776,28.8160766
1027924362,40.9607744,28.8163557
1027924364,40.9595892,28.8217346
1027924365,40.9587745,28.8222008
1027924366,40.9602989,28.819281
1027924367,40.9605787,28.8203076
1027924368,40.9607959,28.8210082
1027924369,40.9599495,28.8194601
1027924370,40.9603946,28.8203888
1027924371,40.9604098,28.8217592
1027924381,40.9604494,28.8218926
1027924386,40.9597446,28.8222644
1027924396,40.972023,28.8033538
1027924414,40.95956,28.8216424
1027924419,40.9602839,28.821281
1027924426,40.9612957,28.8207325
1027924435,40.9605661,28.823934
1027924444,40.9606233,28.8225343
1027924446,40.9600202,28.8205602
1027924470,40.9610956,28.8200537
1027924473,40.9593509,28.8209125
1027924487,40.9624302,28.8227161
1027924490,40.9618599,28.8226569
1027924492,40.9612844,28.8225928
1027924500,40.9598249,28.822574
1027924501,40.9590092,28.8226046
1027924520,40.9893027,28.7985983
1027924525,40.9901953,28.7984157
1027924555,40.9878363,28.7954631
1027924556,40.9881318,28.7950471
1027924573,40.9728646,28.8012842
1027924574,40.9712743,28.8027825
1027924575,40.9837597,28.7951783
1027924576,40.9832569,28.7948791
1027924577,40.9764186,28.8018225
1027924584,40.9769857,28.8046168
1027924585,40.9827934,28.7945908
1027924586,40.9811066,28.7935646
1027924611,40.9850099,28.7959167
1027924617,40.9635537,28.8116825
1027924682,40.9736388,28.8049576
1027924690,40.9741905,28.7959218
1027924691,40.9743636,28.7942983
1027924701,40.9758723,28.7908488
1027924714,40.9734598,28.7896694
1027924721,40.9632812,28.8155042
1027924733,40.9609138,28.8191483
1027924739,40.9611142,28.8191222
1027924750,40.9630417,28.815269
1027924765,40.9579624,28.8149697
1027924766,40.9583535,28.8166524
1027924769,40.9590935,28.8201241
1027924771,40.9601073,28.8236013
1027924776,40.9574101,28.8170328
1027924789,40.9561473,28.8177921
1027924793,40.9573426,28.8177916
1027924794,40.9619878,28.8203281
1027924805,40.9619277,28.8189074
1027924852,40.9597542,28.8178591
1027924854,40.960891,28.8173204
1033539782,40.9844412,28.7879683
1033539785,40.9853607,28.787607
1033539800,40.9857235,28.7859462
1033539809,40.9851817,28.7870062
1033539871,40.9823356,28.7835389
1033539888,40.9831732,28.7869525
1033539895,40.9825912,28.7845593
1033539924,40.9732761,28.7958405
1033539934,40.9737733,28.7937953
1033539936,40.9729669,28.7937157
1033539949,40.9717889,28.7950254
1033539956,40.9722157,28.793612
1033539978,40.9717092,28.7935233
1033540001,40.976762,28.794161
1033540005,40.9763316,28.7960543
1033540010,40.9772923,28.7966857
1033540021,40.9779481,28.7945179
1033540027,40.9764991,28.7974239
1033540030,40.9764426,28.7984011
1033540087,40.9747867,28.7961686
1033540091,40.9751893,28.7963113
1033540097,40.9757486,28.7953974
1033540100,40.9752996,28.7977276
1033540102,40.9752721,28.7980561
1033540110,40.9760689,28.7979818
1033540123,40.9761192,28.7958362
1033540129,40.9760718,28.7983252
1033540135,40.9762268,28.7939136
1033540136,40.9758418,28.7955123
1033540150,40.9791315,28.7933362
1033540155,40.9788485,28.7946266
1033540159,40.9790411,28.7938578
1033540174,40.975674,28.7920374
1033540180,40.9760698,28.7933764
1033540182,40.9759516,28.7937145
1033540185,40.9753427,28.7949352
1033540187,40.9750063,28.7955226
1033540195,40.974698,28.7966679
1033540197,40.9745181,28.7978023
1033540201,40.9742998,28.7950655
1033540209,40.9740819,28.7965002
1033540247,40.9795869,28.7946705
1033540249,40.9798228,28.7949409
1033540256,40.9807491,28.7951287
1033540264,40.9811796,28.7952121
1033540273,40.9808083,28.7940183
1033540284,40.9808968,28.7934496
1033540289,40.9805895,28.7955463
1033540298,40.9807368,28.7961731
1033540307,40.9789062,28.7952981
1033540314,40.979577,28.7958146
1033540319,40.9788151,28.7956394
1033540342,40.9779952,28.7970402
1033540384,40.9710978,28.7931492
1033540405,40.9790351,28.7946451
1033540409,40.9784306,28.796353
1033540419,40.9768607,28.7985482
1033540437,40.9820736,28.7941554
1033540438,40.9820473,28.7942646
1033540441,40.9811585,28.7980141
1033540459,40.9812025,28.7940497
1033540470,40.9809304,28.7940398
1033540474,40.981207,28.7951333
1033540502,40.9777819,28.799516
1033540508,40.9791814,28.800155
1033540699,40.9794983,28.8012124
1033540777,40.9772443,28.7996555
1033540926,40.9805143,28.7973595
1033540979,40.9806718,28.8002256
1033540987,40.9802622,28.8011064
1033540992,40.9799627,28.8017504
1033541001,40.9794869,28.8030089
1033541006,40.9794154,28.8031556
1033541016,40.9788507,28.8036948
1033541048,40.9786389,28.802727
1033541055,40.978904,28.8028642
1033541103,40.9796878,28.8007606
1033541193,40.9729566,28.8024227
1033541221,40.9745856,28.8021629
1033541224,40.9747397,28.801235
1033541271,40.9779638,28.8024055
1033541275,40.9765591,28.8043513
1033541289,40.9764502,28.8032347
1033541308,40.9757019,28.8037649
1064675536,40.9797194,28.783664
1064675537,40.9803281,28.7841808
1064675568,40.9801065,28.7767629
1064675570,40.9801168,28.7769884
1064675575,40.9819357,28.777784
1064675576,40.9818945,28.7783148
1064675588,40.9797245,28.7764654
1064675589,40.9821518,28.779759
1064675593,40.9821996,28.7805145
1064675594,40.9824263,28.7799588
1064675595,40.9825954,28.7795679
1064675596,40.9819512,28.779613
1064675597,40.9781533,28.7821013
1064675600,40.978517,28.7813618
1064675601,40.9839517,28.7791517
1064675605,40.9835391,28.7797707
1064675609,40.983986,28.7804944
1064675611,40.9830499,28.7796199
1064675620,40.9812385,28.7780681
1064675621,40.9811548,28.7781303
1064675622,40.9828908,28.7808468
1064675629,40.9789665,28.7761696
1064675631,40.9789024,28.7758781
1064675632,40.9778644,28.780476
1064675634,40.9778332,28.7810093
1064675639,40.9781323,28.7809166
1064675640,40.9796287,28.7836913
1064675641,40.9797924,28.7829829
1064675651,40.9793399,28.7794271
1064675654,40.9787912,28.7786531
1064675655,40.9808942,28.7827971
1064675656,40.979002,28.7830724
1064675661,40.9803458,28.7784457
1064675668,40.9792585,28.7778688
1064675671,40.979385,28.7769082
1064675677,40.9773608,28.7777598
1064675678,40.9778661,28.7784017
1064675688,40.9794222,28.7804702
1064675699,40.9803329,28.7821374
1064675707,40.9807656,28.7802668
1064675708,40.9807452,28.7801335
1064675736,40.9773909,28.7794331
1064675750,40.9767512,28.7785723
1064675787,40.9774327,28.7816131
1064675873,40.9810727,28.7823625
1064675876,40.9798858,28.7819983
1064675914,40.9806414,28.7833992
1064675948,40.9858665,28.7769256
1064676028,40.9815119,28.7799388
1064676029,40.9815252,28.7800714
1064676038,40.9816029,28.7800537
1064676039,40.9815902,28.7799121
1064676672,40.9776011,28.7751613
1064676977,40.9746747,28.7826647
1064676994,40.972981,28.7880587
1064676995,40.9727534,28.7888003
1064677015,40.9730438,28.7887058
1064677023,40.9735279,28.7895629
1064677024,40.9736885,28.7897439
1064677041,40.9795295,28.7757507
1141127938,40.9819675,28.8387018
1141127950,40.9851056,28.829985
1141127959,40.9834657,28.8345736
1141128037,40.9835021,28.8349913
1141128047,40.9829971,28.8369215
1141128050,40.9848943,28.8238215
1141128095,40.9849829,28.8263552
1293894141,40.9859034,28.8198543
1293894198,40.9853311,28.8196451
1352530497,40.9855769,28.8259224
1352530508,40.9858059,28.8257941
1352530510,40.9858493,28.8257706
1352551306,40.9937413,28.8149301
1352551362,40.9942923,28.8148483
1492588307,40.9618031,28.8235309
1492588309,40.9623375,28.823607
1492588310,40.9619052,28.8218461
1492588311,40.9624962,28.8219187
1492588312,40.9612382,28.82345
1754904429,40.9594859,28.8352904
1785651793,40.9774829,28.8503235
1841824812,40.9828513,28.8211559
1841824882,40.9861101,28.8204959
1841824887,40.9868759,28.8189015
1841824892,40.9872732,28.8186396
1857599945,40.9852886,28.783288
1857603477,40.9855474,28.7852857
1857618909,40.9863621,28.7882747
1857734476,40.9873983,28.7966812
1857844904,40.9979793,28.7979281
1857854051,40.9738826,28.797582
1857854056,40.9769635,28.7985898
1857917050,40.994443,28.8157389
1857917052,40.994681,28.8153601
1857917102,40.9963027,28.8137715
1857917187,40.9995432,28.810176
1857929597,40.9931161,28.8193427
1857937358,40.9927254,28.8247189
1859103710,40.9909683,28.8388684
1859103713,40.9910522,28.8385842
1859103742,40.9911245,28.8388112
1859103849,40.9919051,28.8388114
1859103852,40.9919298,28.8384024
1859103856,40.9920287,28.8362588
1859108033,40.9915081,28.8486743
1931512505,40.9861054,28.8193949
1931512588,40.9884079,28.8192771
1931523090,40.991076,28.8385958
1969992660,40.9779428,28.8824196
2112679826,40.9875582,28.8361304
2112691561,40.9907953,28.8297567
2244746098,40.9646107,28.8040277
2244746104,40.9647468,28.8023714
2244746147,40.9655133,28.8025422
2244746172,40.9662148,28.8034079
2244746180,40.9665619,28.7984513
2244746190,40.9670023,28.7993208
2244746196,40.9670381,28.8028728
2244746202,40.9674696,28.8000962
2244746211,40.9681271,28.8030791
2244746220,40.967917,28.800958
2244746229,40.9681346,28.7969957
2244746235,40.9683694,28.8017722
2244746243,40.9685803,28.7978257
2244746246,40.9688133,28.8026028
2244746260,40.9690024,28.7986516
2244746268,40.9694431,28.7994661
2244746271,40.9691128,28.8031535
2244746274,40.9696506,28.7954918
2244746285,40.9694226,28.8032837
2244746295,40.9700832,28.7950201
2244746302,40.9701038,28.7963057
2244746315,40.9703651,28.8011284
2244746324,40.9705365,28.7971847
2244746345,40.9708263,28.8019315
2244746351,40.9710297,28.7953903
2244746354,40.9710007,28.7980223
2244746359,40.9714523,28.7987944
2244746363,40.9715767,28.7920512
2244746366,40.9716786,28.8035085
2244746376,40.971912,28.799634
2244746389,40.9723521,28.8004787
2244746393,40.9725882,28.7960678
2244746400,40.9728331,28.7973254
2244746402,40.9729965,28.8006073
2244746403,40.9731282,28.8031825
2244746404,40.9731842,28.796765
2244746405,40.9732968,28.799576
2244746413,40.9749665,28.8033024
2244746420,40.9792912,28.7998233
2244746421,40.9797761,28.7980421
2244746422,40.979913,28.8001215
2244990993,40.9818256,28.7848681
2244990994,40.9823592,28.7958113
2244990998,40.9826747,28.7883319
2245030117,40.9814828,28.8377672
2245030156,40.981774,28.8376068
2245030261,40.9840516,28.8389034
2245030292,40.9841894,28.8384636
2245030569,40.9876903,28.8648436
2245030656,40.9885856,28.8404554
2245030843,40.9926913,28.8562777
2245030887,40.9934636,28.8587769
2245056676,40.9913538,28.8257765
2245056684,40.9918669,28.824247
2245056702,40.992131,28.8344135
2245056706,40.9922686,28.8325157
2245070454,40.9832722,28.8693737
2245070474,40.9835996,28.8805376
2245070479,40.9839667,28.8805758
2245070484,40.9838562,28.8815738
2245070486,40.9842141,28.8815554
2245070489,40.9842655,28.8805879
2245070503,40.9860249,28.8803317
2245070569,40.9938205,28.8663741
2245070578,40.9938869,28.866563
2245070584,40.9942621,28.8660886
2245070590,40.9942701,28.8748208
2246163383,40.9564855,28.8166865
2246163551,40.9597667,28.8088834
2246163607,40.9600956,28.8091126
2246163623,40.9601862,28.8090087
2246163643,40.9602649,28.8091302
2246163677,40.9608474,28.8098488
2246163724,40.9633651,28.8131907
2246163915,40.9703541,28.8727928
2246163917,40.9703628,28.8720004
2246163925,40.9704928,28.8720369
2246163990,40.971351,28.8719325
2246163994,40.9713633,28.8745015
2246164062,40.9719629,28.8736589
2246164123,40.9723901,28.8744643
2246164371,40.9754843,28.8499922
2246164406,40.975721,28.8527305
2246164697,40.9773964,28.8503477
2246164827,40.9785458,28.8765421
2246164852,40.9790658,28.875607
2246164854,40.9791163,28.8764733
2246164862,40.9793527,28.8764422
2246164877,40.9795824,28.86837
2246164959,40.9804418,28.8763757
2246362891,40.9953573,28.8670052
2246362894,40.9954403,28.8663044
2271469472,40.9835947,28.8659928
2364065038,41.0019964,28.8874379
2364065047,40.9999481,28.8862273
2364065083,41.0035454,28.891661
2364065087,41.0000012,28.8861519
2365290889,40.9897444,28.8711026
2365290891,40.9916564,28.8702554
2365290893,40.9923725,28.8700114
2365290898,40.9926752,28.86944
2365290907,40.9967874,28.8692211
2365310144,40.9947138,28.8764899
2365310146,40.9950798,28.8765732
2368203153,40.9945646,28.8854303
2368203154,40.9946573,28.8850234
2368203169,40.9981169,28.8870655
2370422433,40.990962,28.8296581
2370491674,40.9873483,28.7914233
2371873288,40.9886354,28.7987546
2372029852,40.9941586,28.8661466
2372029858,40.9948603,28.8651117
2372029861,40.9948407,28.8656443
2380758443,40.975189,28.782219
2380758444,40.977285,28.7753583
2380758447,40.9775502,28.775926
2380758464,40.9785319,28.7788453
2380758510,40.9801018,28.7770765
2380758525,40.9803555,28.7764307
2380758598,40.9810708,28.7776076
2380758727,40.9823907,28.7806642
2380763662,40.9865501,28.7924442
2380790711,40.971755,28.7956458
2380790713,40.9719874,28.7894459
2380790718,40.9722421,28.7892742
2380790719,40.9722971,28.7885357
2380790721,40.9725196,28.789605
2380790733,40.9726729,28.7890619
2380790738,40.9732049,28.7932748
2380790743,40.9736327,28.7925993
2380790776,40.9756892,28.7905191
2380790819,40.9774594,28.8004407
2380790838,40.9805214,28.7965969
2380790858,40.9823844,28.786988
2380806666,40.9644982,28.8086133
2380806669,40.9647773,28.8048938
2380806704,40.9728843,28.804925
2380806708,40.9734817,28.8044296
2380806709,40.973591,28.8047057
2380806710,40.9733409,28.8050745
2380806711,40.9739669,28.8049811
2380806721,40.9769528,28.8047545
2380806724,40.9770241,28.8043448
2380817065,40.9634393,28.8131927
2380830059,40.9571751,28.8216157
2380830091,40.9624596,28.8214121
2380932367,40.9599753,28.8230998
2380932369,40.9606052,28.823154
2380932373,40.9612553,28.8199714
2380932379,40.9632403,28.8238174
2380938889,40.9569108,28.8331413
2381936227,40.9947346,28.878607
2381937670,40.9935825,28.8741793
2382034303,40.9782571,28.8843384
2382094022,40.9780009,28.876908
2382094023,40.9778658,28.876925
2382883694,40.9797782,28.8817222
2382883699,40.9879761,28.8844483
2382891970,40.9819239,28.8810795
2382891990,40.9828418,28.8849534
2382891993,40.9829389,28.8673778
2382891996,40.983134,28.8674911
2382891998,40.9833168,28.8666238
2382892004,40.9851197,28.8781601
2382892007,40.9855193,28.8781888
2382892008,40.98566,28.8791402
2382892009,40.9861948,28.8806083
2382892011,40.9865578,28.8789333
2382892012,40.9867694,28.8688281
2382892013,40.9867668,28.8804162
2382892059,40.9876433,28.8797986
2382892060,40.9877567,28.8788853
2382892070,40.9884605,28.8859253
2382892076,40.9885338,28.8852664
2382892079,40.9887787,28.8851474
2382892085,40.9889156,28.8814436
2382892086,40.9889509,28.8809468
2382892091,40.9893041,28.878635
2382892093,40.9893475,28.8821001
2382907921,40.980137,28.8689049
2382907933,40.9860362,28.8722513
2382907934,40.9880424,28.8720198
2382907935,40.9881389,28.8755632
2382907936,40.9885434,28.8755834
2382909864,40.9770381,28.872422
2382909865,40.9770805,28.8728527
2382909866,40.97718,28.8734535
2382909867,40.9772415,28.8740106
2382917895,40.9723635,28.8719545
2382917903,40.9725052,28.874327
2382917963,40.9753752,28.8757699
2382917964,40.9757183,28.875683
2382917965,40.9769988,28.8743988
2382917966,40.9770676,28.8748324
2382917967,40.9772925,28.8743357
2382923574,40.9827854,28.8557273
2382923588,40.9833864,28.8563061
2382923590,40.9836317,28.8554723
2382923592,40.9839109,28.8535489
2382923594,40.9839179,28.8538484
2382923600,40.9859154,28.8554682
2382923602,40.9859165,28.856107
2382923605,40.9860939,28.8567863
2382930353,40.9764968,28.8613472
2382930394,40.9772229,28.8656128
2382930395,40.977189,28.8585432
2382930404,40.9775345,28.8555555
2382930406,40.9775371,28.8569565
2382930409,40.9776321,28.8554756
2382930410,40.9776589,28.8569561
2382930420,40.9780551,28.8637277
2382930432,40.9784862,28.8622807
2382930434,40.9785279,28.8624547
2382943935,40.9860116,28.844207
2382943941,40.986312,28.8490476
2382943953,40.9865458,28.8504113
2382943960,40.9866483,28.844143
2382943962,40.9866706,28.8442076
2382943965,40.9867379,28.8442093
2382943985,40.9869361,28.8451796
2382943987,40.9869376,28.8458069
2382971030,40.9756452,28.8524448
2382971055,40.9781077,28.8511982
2382971059,40.9787103,28.8497148
2382971063,40.9792598,28.8507265
2382971067,40.9793525,28.8495385
2382971070,40.9794026,28.8493593
2382971072,40.9794643,28.8499265
2382971073,40.9794842,28.8518687
2382971077,40.9795763,28.8498578
2382971078,40.9796088,28.8503353
2382971083,40.9797337,28.8518015
2382971084,40.9797868,28.8518335
2382971091,40.980101,28.8482347
2382971093,40.980421,28.848257
2382971203,40.9842856,28.8532704
2382971243,40.9850605,28.8516985
2382971247,40.985147,28.8502969
2382971251,40.985261,28.8485162
2382971252,40.9852977,28.8498205
2382977987,40.9584198,28.8347921
2382977988,40.959278,28.837144
2382982579,40.963866,28.8377611
2382982580,40.9644903,28.8368248
2382982581,40.9650639,28.8375875
2385196537,40.9553508,28.8210898
2385196539,40.9556516,28.8215438
2385196543,40.956614,28.8211648
2385196565,40.9579766,28.8220317
2385196602,40.963115,28.8238573
2385196610,40.9638148,28.8357914
2385196612,40.9639071,28.835944
2385196613,40.9639515,28.8356753
2385196617,40.964358,28.8409962
2385196686,40.969477,28.8346515
2385196688,40.9695142,28.8344728
2385196952,40.9865623,28.8304619
2385236873,40.9641586,28.8041697
2385236888,40.9646156,28.8035864
2385236890,40.9645919,28.8039029
2385258236,40.9657388,28.8381296
2385258237,40.9658572,28.8384447
2385258240,40.9659009,28.8382779
2385258241,40.9665414,28.8388366
2498920245,40.9716779,28.8694226
2702515649,41.0003895,28.8857843
2810640403,40.9794783,28.7837365
2810650905,40.9791519,28.7796018
3153018925,40.9773669,28.8824587
3178628117,40.9646765,28.8342599
3178628129,40.9639203,28.8335792
3178628131,40.9827172,28.8379193
3178628132,40.9823377,28.8377631
3178643365,40.9765131,28.8577761
3283907246,40.9953766,28.8880356
3432185396,40.9699189,28.8002803
3448836567,40.9777309,28.8523827
3723183911,40.9738258,28.8372816
3723183912,40.9737445,28.8374404
3926855706,40.9788941,28.8507606
3968165741,40.9602618,28.8389096
4104770089,40.9952535,28.8720619
4519705612,40.9645367,28.8428421
4519705613,40.9653321,28.8418329
4519737439,40.9592356,28.8378956
4586888655,40.9937045,28.8757589
4586888656,40.9948481,28.874607
4586889197,40.9998065,28.8863845
4589727643,40.9988754,28.8861895
4605476987,40.9847275,28.8704208
4621146980,40.9858928,28.8442119
4621146983,40.9864283,28.850415
4621154613,40.987549,28.8721504
4621154616,40.9850364,28.8722921
4859033658,40.9777992,28.8516566
4859033660,40.9798936,28.8516668
4916333187,40.9797539,28.8707731
4966123087,40.9585348,28.8165824
4976726889,40.9858605,28.7934934
4977193423,40.9750557,28.7930889
4977262023,40.9862369,28.7911549
4977352579,40.9796096,28.780418
4977352580,40.9796314,28.7805387
4978760081,40.9805743,28.8630503
4979278177,40.9638587,28.8173795
4979278179,40.9643161,28.8166749
5674276004,40.9844642,28.8529074
5674276006,40.98468,28.8531773
5777569434,40.9793961,28.7946781
5777569436,40.9790551,28.793787
5777569437,40.9795702,28.7940151
5777925705,40.9997762,28.8796002
5777925709,41.0002843,28.8817107
6300279742,40.9832374,28.8537756
6367407127,40.9902751,28.8793674
6367407135,40.9895361,28.8818268
6392046659,40.9756775,28.7907513
6761742240,40.9627167,28.8189655
6761742242,40.9628123,28.8188039
6761863770,40.9688546,28.8344446
6885004776,40.9801157,28.8851085
7242709082,40.9901853,28.8326076
7242709083,40.99016,28.8343296
7242733586,40.9898531,28.8356002
7242733589,40.9899953,28.8367397
7631602537,40.986208,28.8542854
7908632925,40.9741475,28.793849
7968198693,40.9768346,28.8654459
7968198696,40.9772768,28.865746
7968198697,40.9766682,28.8662194
8021836408,40.9808333,28.8628892
8739267330,40.9869118,28.7968083
8745873128,41.0002707,28.8853704
8745909513,40.9980852,28.8742512
8746470341,40.9922789,28.8541262
8746606022,40.9912358,28.8370473
8837111732,40.9867538,28.7972364
8857549277,40.97781,28.8690295
8857549280,40.9779787,28.8686586
8857549288,40.9769675,28.8724144
8857549298,40.9763394,28.871823
8857549308,40.9771679,28.8687734
8857558117,40.9772516,28.8677293
8857558134,40.9752095,28.8660912
8859366358,40.9740891,28.8745337
8859366389,40.9787825,28.863757
8859366391,40.9790968,28.864149
8859366393,40.9787204,28.8639525
8859366397,40.9786346,28.864387
8859366405,40.9787221,28.8644907
8859366420,40.9770275,28.8590703
8859366425,40.97707,28.8592801
8859366459,40.9771466,28.8590963
8868871213,40.9860308,28.8567233
8868878855,40.9879184,28.8522711
8871992937,40.9818906,28.8514021
8871992938,40.9818644,28.851829
8871992990,40.97625,28.8523842
8871992995,40.9760512,28.8524823
8871993006,40.9773946,28.8516697
8871993014,40.9763274,28.8521772
8873045392,40.9758739,28.8523689
8873045396,40.9759478,28.8525496
8875766407,40.9597371,28.8177822
8875766408,40.9579243,28.8150909
8875766412,40.9610549,28.8193295
8875825617,40.960923,28.8175061
8875825618,40.960871,28.8174677
8875825619,40.9610082,28.8174131
8880083822,40.958157,28.8240747
8880083825,40.9575163,28.8224459
8880083834,40.9613736,28.8212581
8880083835,40.9638949,28.8423391
8880802727,40.9725689,28.7960452
8880802729,40.9726583,28.7957876
8883675950,40.9745057,28.7940118
8883675951,40.9743942,28.7939933
8883675952,40.9745066,28.7939618
8883675961,40.9744635,28.7940598
8883675962,40.9744488,28.7939086
8883676010,40.9748892,28.7822556
8883676016,40.974857,28.7824173
8883679919,40.9749128,28.7823773
8883679923,40.9747956,28.7823057
8883679946,40.9773184,28.7813773
8884099780,40.9816449,28.7806725
8884099783,40.9815757,28.7806776
8884099787,40.9837193,28.7805471
8884099807,40.9853726,28.7898587
8887329233,40.978895,28.8009473
8887329234,40.9793588,28.8015454
8887329249,40.9803583,28.8028512
8887329270,40.9767869,28.8044811
8887329275,40.9768748,28.8046638
8887329281,40.9764357,28.8048451
8887329310,40.9886919,28.7982157
9038284123,40.9806952,28.8676357
9046101954,40.9647322,28.8371664
9046101961,40.9775198,28.8577767
9346982261,40.9974778,28.873007
9654303386,40.9890904,28.8429716
9750953051,40.9770172,28.8728655
9750953056,40.9783168,28.8732635
9769272789,40.9942269,28.8698622
9769272792,40.992574,28.8691078
9954310026,40.9800555,28.8851096
10151772512,40.9837195,28.8561047
10151772513,40.9839868,28.8563485
10191775409,40.9798892,28.8570971
10270443653,40.9793929,28.8715564
10270443655,40.9795875,28.8718972
10316977890,40.9798839,28.7939134
10705338489,40.9965472,28.8740964
10795855135,40.968208,28.8054244
10884273119,40.9892352,28.8343266
10884273126,40.9906692,28.8298366
11006314365,40.995985,28.8687999
11039180792,40.9553587,28.8216028
11039258010,40.9552364,28.8215817
11039309419,40.9732253,28.8709524
11042234847,40.9812275,28.795006
11215618679,40.9724879,28.8743138
11345677260,40.9871165,28.8191624
11345677264,40.9873434,28.8189591
11556721691,40.9812535,28.8693715
11557252167,40.9556025,28.8210482
11557252168,40.9562116,28.8210079
11557272169,40.9561715,28.8214432
11557272195,40.956666,28.8211801
11557272196,40.9565627,28.8215507
11572888601,40.9879557,28.7951494
11572888723,41.0001783,28.8078974
11575208050,40.9874865,28.7959034
11575208051,40.9873309,28.7962801
11578631978,40.9912832,28.8369363
11579057570,40.9967703,28.8711494
11579057577,40.9971536,28.8720006
11592710864,40.9566577,28.821212
11592710865,40.956628,28.8213254
11595364204,40.9549996,28.821613
11599572238,40.9842313,28.7784311
11652894520,40.990238,28.7984066
11657362002,40.9813073,28.7941679
11826403684,40.9956648,28.8812924
11826403694,40.9949694,28.8878398
11826403701,40.9943892,28.8881716
11889209191,40.9795195,28.8033242
11889209193,40.9795705,28.8033843
11889209194,40.9794732,28.8030661
11889214429,40.9761726,28.852252
11889214430,40.9761795,28.8519266
11889214431,40.9766156,28.8540829
11889214432,40.9762139,28.8526694
11889586765,40.9757186,28.8645761
11889586767,40.9754827,28.8665906
11889586768,40.9754272,28.8683502
11889589070,40.9756997,28.8659149
11889589107,40.9787478,28.8856711
11889861376,40.9776604,28.8522403
11889861377,40.9773008,28.8518963
11889861379,40.9766466,28.866083
11889861380,40.9759159,28.8663086
11905082898,40.977838,28.8689293
11905082929,40.9782418,28.8725442
11930643228,40.9955775,28.8806952
11932587431,40.995647,28.8809479
11932587432,40.9958901,28.8808296
11932587434,40.9958438,28.8808994
11932587435,40.9965489,28.8808969
11932587447,40.996422,28.8808952
12142728022,40.9915966,28.8469871
12143279067,40.9801818,28.8497631
12143279068,40.9799915,28.8499182
12205869447,40.9789596,28.864556
12205869468,40.9807014,28.8640147
12205869491,40.9782598,28.8836094
12205869493,40.9801761,28.8852273
12242082786,40.9953361,28.880213
12244813312,40.9896612,28.8356055
12244813316,40.9895688,28.8356978
12244813340,40.9917204,28.8274504
12244813341,40.9925088,28.8275339
12246600527,40.9858253,28.8685451
12569484115,40.9735785,28.8733788
12569484118,40.9734407,28.8735316
12569484124,40.9738525,28.8736615
12569484127,40.9738629,28.8734272
12569484128,40.9738213,28.8733721
12569484143,40.973445,28.8734895
12574401376,40.9857528,28.8552623
12574401377,40.9857477,28.8553575
12582488652,40.9864818,28.7982998
12752909081,40.9836322,28.8512631
12752909085,40.9844546,28.8520181
12752909095,40.9845679,28.8509323
12752909096,40.9844886,28.8509411
12752909097,40.9844944,28.8510614
12752909098,40.9845743,28.8510564
12782217605,40.9894216,28.838319
12847157439,40.9723114,28.7893821
12961201767,40.9816952,28.8378574
12961201782,40.9816004,28.837462
12962077039,40.9902209,28.8326076
12962077041,40.9901998,28.8343313
12962077042,40.9901743,28.8333569
12962077043,40.9902117,28.8333584
12962078634,40.9865479,28.8305051
12962184049,40.9850483,28.8411899
12962184054,40.9851483,28.8414268
12962184056,40.98529,28.8412984
13196342379,40.9676032,28.8057633
13288785258,40.9673933,28.8053289
13291322693,40.9911358,28.8387765
13299221377,40.9832194,28.8537864
13341072682,40.9838357,28.7808372
13341072689,40.982994,28.7819728
13370167352,40.9985,28.8879468
13609786203,40.9923923,28.8299452
13609786206,40.9924018,28.8297593
13690671176,40.9679447,28.8360631
13690671187,40.9660542,28.8358237
13690671188,40.9688324,28.8380264
13690686404,40.9686935,28.8366298
13690686406,40.9682235,28.8359339
13690686407,40.9667563,28.8355193
13690686408,40.9671741,28.8355493
13690686409,40.9676827,28.8355923
13690686411,40.9677536,28.8355413
13690686413,40.9679825,28.8351249
13690686414,40.9672126,28.8350107
13690686415,40.9667832,28.8349453
13690686418,40.9682923,28.8352838
13690686419,40.9676321,28.8350746
13690686420,40.9676939,28.8345034
13690686424,40.9684098,28.834675
13690686425,40.9670464,28.8372134
13690686426,40.967107,28.8366727
13690686427,40.9666857,28.836601
13690686429,40.9674678,28.8367416
13690686430,40.967846,28.8368089
13690686431,40.9674135,28.8372862
13690686449,40.9654105,28.8360448
13690686456,40.9667308,28.8360617
13690686457,40.9671339,28.8361126
13690686458,40.9675268,28.8361502
13690686464,40.9685123,28.8358817
13690686469,40.9678062,28.8373679
13690686480,40.9684017,28.8369897
13704296865,40.9836277,28.7817173
13704296866,40.9837894,28.7817334
13704296873,40.9851078,28.7821988
13704296879,40.9847413,28.7809105
13704296892,40.98439,28.7795738
13704300104,40.9835836,28.7813749
13704300122,40.9843321,28.7797055
13713364854,40.9850571,28.8018797
13713364862,40.9849379,28.8019805
13713364864,40.9854617,28.8000619
13713364883,40.9849968,28.8018415
13713364890,40.9850189,28.8020323
13713364915,40.9839379,28.8009345
13713364916,40.9853148,28.8018879
13713396013,40.9942444,28.8711516
13713396016,40.9936923,28.8705415
13716437556,40.9953165,28.8744489
13736826260,40.9927292,28.8776929
13736826264,40.9920791,28.8769209
13736829416,40.9830505,28.8800709
13736829420,40.9818117,28.8804118
13745426358,40.9775512,28.8638788
13752009287,40.9581805,28.8339272
13785147621,40.9809765,28.8568787
13785147628,40.9810045,28.856804
13785147631,40.9808387,28.8568751
13785147633,40.9808133,28.8568025
13785147646,40.9809194,28.8566627
13785147648,40.9808937,28.8566635
13845960911,40.9764898,28.8542375
13845960915,40.9764425,28.8549524
13881850738,40.9842074,28.8779309
13891516134,40.9936005,28.8678996
13891532709,40.9828166,28.8676791
13891532713,40.9828874,28.8673283
13891532716,40.9828674,28.867372
13891532718,40.9828902,28.8674884
13891532722,40.9830309,28.8675443
13914561021,40.981518,28.8780954
13914561026,40.9815753,28.8785007
13921153584,40.9763925,28.7774803
13921153595,40.9758627,28.791062
13921153822,40.972022,28.7892954
13921153834,40.9727102,28.7895329
13976347216,40.9891427,28.8391454
14075576914,40.9891061,28.8392811
